Question,Answer
"1. What is the definition of diarrhea, and how many times a day does it occur?","According to the text, diarrhea is defined as a change in consistency and frequency of stools, i.e., liquid or watery stools, that occur more than 3 times a day."
2. What percentage of acute diarrhea episodes subside within 7 days?,"According to the text, in the vast majority of cases, acute diarrhea episodes subside within 7 days. This is not a specific percentage, but it implies that most cases (likely more than 80-90%) resolve on their own within a week."
"3. What is the global annual burden of diarrhea, and what percentage of childhood deaths does it account for?","According to the text, the global annual burden of diarrhea is approximately 1.7 billion cases, and it accounts for around 11% of all childhood deaths worldwide."
4. What are the two most important causes of diarrhea in children?,"According to the provided context, the two most important causes of diarrhea in children are:

1. Rotavirus
2. Enterotoxigenic E. coli (ETEC)

These two causes account for nearly half of the diarrheal episodes among children in India."
"5. What is the leading cause of severe, dehydrating gastroenteritis worldwide?","According to the text, the leading cause of severe, dehydrating gastroenteritis worldwide is Rotavirus."
6. What percentage of childhood diarrhea is caused by enterotoxin-producing E. coli (ETEC)?,"According to the text, enterotoxin-producing E. coli (ETEC) accounts for nearly 20% of childhood diarrhea."
"7. What are the other causes of acute diarrhea, apart from bacterial, viral, and parasitic infections?","According to the provided context, the other causes of acute diarrhea, apart from bacterial, viral, and parasitic infections, are:

* Intestinal infections
* Drugs
* Food allergies
* Systemic infections
* Surgical conditions"
"8. What is the normal serum sodium level in pediatric patients, and what is hyponatremia?","According to the provided context, the normal serum sodium levels in pediatric patients are 135-145 mEq/L. Hyponatremia is defined as a serum sodium level less than 130 mEq/L."
"9. What is the effect of hyponatremia on the body, and how does it manifest clinically?","According to the provided context, hyponatremia (sodium levels less than 130mEq/L) can cause water to move from the extracellular fluid (ECF) compartment to the intracellular fluid (ICF) compartment, leading to further shrinkage of the already reduced ECF compartment volume.

Clinically, hyponatremia can manifest in the following ways:

* Skin appears soggy, doughy, or leathery, which masks the loss of skin turgor.
* Blood volume is reduced, resulting in:
	+ Weak, thready pulse
	+ Low blood pressure
	+ Cold extremities

Additionally, hyponatremia can also cause neurological symptoms, such as headache, nausea, vomiting, seizures, and even coma in severe cases."
"10. What are the clinical features of dehydration in children, and how do they progress?","According to the provided context, the clinical features of dehydration in children are:

* In hyponatremic dehydration, the skin appears soggy, doughy, or leathery, which masks the loss of skin turgor.
* As the extracellular fluid (ECF) compartment is depleted, blood volume is reduced, resulting in:
	+ Weak, thready pulse
	+ Low blood pressure
	+ Cold extremities
* Diarrheal stools contain large amounts of potassium, leading to a fall in serum potassium levels if diarrhea persists for more than a few days.
* Affected children may present with:
	+ Abdominal distension
	+ Paralytic ileum
	+ Muscle hypotonia

The progression of dehydration in children can be assessed using the following criteria:

* No dehydration: The child is well, alert, and has a normal skin pinch, eyes, mouth, and tongue.
* Some dehydration: The child is restless, irritable, and has a slow skin pinch, sunken eyes, dry mouth, and dry tongue.
* Severe dehydration: The child is lethargic, floppy, and has a very slow skin pinch, very sunken eyes, very dry mouth, and very dry tongue.

It is essential to monitor the child's condition closely and reassess their hydration status regularly to prevent complications and ensure timely intervention."
11. What are the goals of assessment in a child with acute diarrhea?,"The goals of assessment in a child with acute diarrhea are:

1. Determine the type of diarrhea
2. Look for dehydration
3. Assess for malnutrition"
12. What are the laboratory investigations typically performed to diagnose acute diarrhea?,"According to the provided context, the laboratory investigations typically performed to diagnose acute diarrhea include:

1. Stool analysis to identify the causative organism, such as bacteria, viruses, or parasites.
2. Electrolyte levels, including sodium and potassium levels, to assess dehydration and electrolyte imbalance.
3. Hemogram, including hemoglobin (Hb), Total Leukocyte Count (TLC), and Differential Leukocyte Count (DLC), to rule out other underlying conditions.
4. Stool pH, which can be estimated using nitrazine paper, to assess the presence of acidic or alkaline stools.
5. Bicarbonate levels, to assess metabolic acidosis or alkalosis.

These tests are performed only if the child has pallor, labored breathing, altered sensorium, seizures, or oliguria."
"13. What is the normal range for serum potassium levels in pediatric patients, and what is hypokalemia?","According to the provided context, the normal range for serum potassium levels in pediatric patients is 3.5-5.5 mEq/L. Hypokalemia is defined as serum potassium levels less than 3.5 mEq/L."
"14. How is stool pH estimated, and what is the normal range?","According to the provided context, stool pH can be estimated using nitrazine paper. The method involves dipping the pH paper into the stool sample, making sure to wet the paper evenly, and then comparing the resulting color to the reference chart provided with the pH paper to determine the pH value. The normal range for stool pH is 7.0-8.0."
15. What are the principles of management of acute diarrhea in children?,"The principles of management of acute diarrhea in children are:

1. Rehydration and maintaining hydration
2. Proper feeding
3. Oral supplementation of zinc
4. Early recognition of danger signs and treatment of complications"
16. What is the role of oral rehydration therapy (ORT) in managing acute diarrhea?,"According to the provided context, the role of oral rehydration therapy (ORT) in managing acute diarrhea is to:

1. Rehydrate the child by correcting the existing water or electrolyte deficits.
2. Replace ongoing losses to prevent recurrence of dehydration.

The treatment plan involves:

* Provision of normal daily fluid requirements.
* Rehydration to correct the existing water or electrolyte deficits, calculated as 75 mL/kg of ORS, to be given over 4 hours. If, after 4 hours, the child still has some dehydration, then another treatment with ORS (as in rehydration therapy) is to be given.
* Maintenance fluid therapy to replace ongoing losses and prevent recurrence of dehydration.

ORT is effective in 95% of cases."
17. What are the indications for intravenous fluids in managing acute diarrhea?,"According to the provided context, the indications for intravenous fluids in managing acute diarrhea are:

* Severe dehydration (>100ml/kg fluid loss)
* Inability to take oral fluids
* Vomiting that prevents oral hydration
* Signs of shock or severe dehydration, such as lethargy, sunken eyes, dry mouth, and decreased urine output.

In these situations, intravenous fluids should be started immediately using Ringer lactate with 5% dextrose (or Normal saline or plain Ringer lactate as an alternative)."
18. What are the recommendations for dietary management of acute diarrhea in children?,"According to the text, the recommendations for dietary management of acute diarrhea in children are:

i. In exclusively breastfed infants, breastfeeding should continue as it helps in better weight gain and decreases the risk of persistent diarrhea.

ii. Optimally energy-dense foods with the least bulk should be offered in small quantities but frequently (every 2-3 hours).

iii. Foods with high fiber content, e.g. coarse fruits and vegetables, should be avoided.

iv. Staple foods do not provide optimal calories per unit weight and these should be enriched with fat or oil and sugar, e.g. khichri with oil, rice with milk or curd and sugar, mashed banana with milk or curd, mashed potatoes with oil and lentil.

v. In non-breastfed infants, cow or buffalo milk can be given undiluted after correction of dehydration together with semisolid foods. Milk should not be diluted with water during any phase of acute diarrhea.

Alternatively, milk cereal mixtures, e.g. dalia, sago or milk-rice mixture, are preferable.

vi. During recovery, an intake of at least 125% of recommended dietary allowances should be attempted with nutrient-dense foods; this should continue until the child reaches pre-illness weight and ideally until the child achieves a normal nutritional status."
19. What is the role of zinc supplementation in managing acute diarrhea?,"According to the text, zinc supplementation plays a significant role in managing acute diarrhea. It is now part of the standard care along with ORS. Zinc supplementation is helpful in:

1. Decreasing the severity and duration of diarrhea
2. Reducing the risk of persistent diarrhea
3. Significantly reducing all-cause mortality by 46%
4. Reducing hospital admission by 23%

The recommended dose of zinc supplementation is:

* 20 mg of elemental zinc per day for children >6 months
* 10 mg of elemental zinc per day for children <6 months, for 14 days."
20. How should feeding be managed in children with severe malnutrition and acute diarrhea?,"According to the provided context, in children with severe malnutrition and acute diarrhea, feeding should not be restricted as it can aggravate complications and increase morbidity and mortality. Instead, the following recommendations should be followed:

* In exclusively breastfed infants, breastfeeding should continue as it helps in better weight gain and decreases the risk of persistent diarrhea.
* Optimally energy-dense foods with the least bulk should be offered in small quantities but frequently (every 2-3 hours).
* Foods with high fiber content, such as coarse fruits and vegetables, should be avoided.
* Staple foods do not provide optimal calories per unit weight and should be enriched with fat or oil and sugar, such as khichri with oil, rice with milk or curd and sugar, mashed banana with milk or curd, and mashed potatoes with oil and lentil.
* In non-breastfed infants, cow or buffalo milk can be given undiluted after correction of dehydration, along with semisolid foods. Milk should not be diluted with water during any phase of acute diarrhea. Alternatively, milk-cereal mixtures, such as dalia, sago, or milk-rice mixture, are preferable.
* During recovery, an intake of at least 125% of recommended dietary allowances should be attempted with nutrient-dense foods, and this should continue until the child reaches pre-illness weight and ideally until the child achieves a normal nutritional status."
21. What is the management of vomiting in a child with acute diarrhea?,"According to the text, the management of vomiting in a child with acute diarrhea is as follows:

* Occasional vomiting in a child with acute diarrhea does not need antiemetics.
* If vomiting is severe or recurrent and interferes with ORS intake, then a single dose of oral Ondansetron (0.15 mg/kg/dose) should be given.
* Preferably wait for 45-60 minutes before restarting ORT."
"22. What is paralytic ileum, and how is it managed?","According to the provided context, Paralytic ileum is a condition that should be suspected if bowel sounds are absent and the abdomen is distended. It is caused by:

1. Hypokalemia
2. Intake of anti-motility drugs
3. Necrotizing entero-colitis
4. Septicemia

The management of Paralytic ileum involves:

1. IV fluids
2. Nasogastric aspiration
3. Correction of hypokalemia
4. No oral feeding
5. Administration of Potassium chloride (30-40 mEq/L) intravenously with parenteral fluids, provided the child is passing urine."
"23. What are the causes of convulsions in a child with acute diarrhea, and how are they managed?","According to the provided context, the causes of convulsions in a child with acute diarrhea are:

1. Hypo- or hypernatremia
2. Hypoglycemia
3. Hypocalcemia
4. Encephalitis
5. Febrile seizure

The management of convulsions in a child with acute diarrhea depends on the underlying cause."
24. What are the three key strategies for preventing diarrhea and malnutrition in children?,"According to the text, the three key strategies for preventing diarrhea and malnutrition in children are:

1. **Proper Nutrition**: Breast milk provides protection against diarrheal illness, promoting growth and development of infants. Supplementary feeding with energy-rich food containing adequate nutrition should be introduced by 6 months of age, without stopping breastfeeding.

2. **Adequate Sanitation**: The ""3 Cs"" of clean hands, clean container, and clean environment are essential for preventing diarrhea.

3. **Vaccination**: Vaccination against rotavirus is an important strategy for preventing diarrhea and malnutrition in children."
"25. What is the role of proper nutrition, adequate sanitation, and vaccination in preventing diarrhea and malnutrition?","According to the text, proper nutrition, adequate sanitation, and vaccination play a crucial role in preventing diarrhea and malnutrition. Here's how:

1. Proper Nutrition:
	* Breast milk provides protection against diarrheal illness, promoting growth and development of infants.
	* Supplementary feeding with energy-rich food containing adequate nutrition should be introduced by 6 months of age, without stopping breastfeeding.
2. Adequate Sanitation:
	* The ""3 Cs"" - clean hands, clean container, and clean environment - are essential for preventing diarrhea.
3. Vaccination:
	* Vaccination against rotavirus can help prevent diarrhea and its complications.

By following these measures, the risk of diarrhea and malnutrition can be significantly reduced, leading to better health outcomes for children."
"These questions cover the key aspects of acute diarrhea in children, including definition, epidemiology, etiology, pathogenesis, clinical features, assessment, laboratory investigations, principles of management, nutritional management, symptomatic treatment, and prevention.",I'm ready to help answer your questions about acute diarrhea in children. Go ahead and ask away!
